target_in_1hop_rate,target_in_2hop_rate,target_in_Lhop_rate,average_shortest_path,unreachable_rate,method,N,T,B,d,seed,layers,mask_scope,attention_pair_count,raw_K
1.0,1.0,1.0,1.0,0.0,dense,511,1024,32,8,0,8,structural,1048576,1024
0.998046875,0.998046875,0.998046875,1.0,0.001953125,dense,511,1024,32,8,0,8,causal_effective,524800,1024
0.001953125,0.001953125,0.001953125,1.0,0.998046875,local,511,1024,32,8,0,8,structural,32768,32
0.0,0.0,0.0,inf,1.0,local,511,1024,32,8,0,8,causal_effective,16896,32
0.046875,0.86328125,1.0,2.08984375,0.0,zigzag_certified,511,1024,32,8,0,8,structural,81504,96
0.044921875,0.64453125,0.998046875,2.309197651663405,0.001953125,zigzag_certified,511,1024,32,8,0,8,causal_effective,41230,96
0.0546875,1.0,1.0,1.9453125,0.0,random_regular,511,1024,32,8,0,8,structural,96372,96
0.052734375,0.990234375,0.998046875,1.9549902152641878,0.001953125,random_regular,511,1024,32,8,0,8,causal_effective,48593,96
