{
  "status": "ok",
  "repo_dir": "/home/huiwei/ysx/zigzag_attention/code/lra-benchmarks",
  "steps": 2000,
  "batch_size": 8,
  "max_length": 512,
  "train_samples": 1024,
  "eval_samples": 256,
  "device": "cuda",
  "cuda_available": true,
  "gpu_name": "NVIDIA A100-SXM4-80GB",
  "torch_version": "2.10.0+cu128",
  "final_train_loss": 2.282560348510742,
  "mean_train_loss": 1.9129684072434903,
  "eval_loss": 1.9140332080423832,
  "eval_accuracy": 0.375,
  "tokens_per_sec": 294103.63310466637,
  "elapsed_sec": 27.85412717796862,
  "peak_allocated_gb": 0.1107625961303711,
  "peak_reserved_gb": 0.12890625
}
